Good Life Dal Mix 500 gm,Rs. 62.00,Rs. 59.00
Plain Toor Dal 2 kg,Rs. 62.00,Rs. 190.00
Raw Peanuts 1 Kg (Loose),Rs. 62.00,Rs. 125.00
Good Life Raw Peanuts 1 kg,Rs. 62.00,Rs. 160.00
Good Life Toor Dal 1 kg,Rs. 62.00,Rs. 108.00
Loose Toor Dal Value 1 kg,Rs. 62.00,Rs. 95.00
Good Life Moong Whole 500 gm,Rs. 62.00,Rs. 75.00
Plain Moong Dal 2 kg,Rs. 62.00,Rs. 260.00
Good Life Urad Dal Chhilka 500 gm,Rs. 62.00,Rs. 68.00
Loose Chana Dal 1 kg,Rs. 62.00,Rs. 61.00
Pick N Cook Maha Toor Dal 1 kg,Rs. 62.00,Rs. 120.00
Good Life Chana Dal 500 gm,Rs. 62.00,Rs. 40.00
Loose Moong Dal 1 kg,Rs. 62.00,Rs. 130.00
Good Life Toor Dal 500 gm,Rs. 62.00,Rs. 56.00
Good Life Roasted Split Bengal Gram 200 gm,Rs. 62.00,Rs. 25.00
Plain Chana Dal 2 kg,Rs. 62.00,Rs. 122.00
Pick N Cook Regular Kabuli Chana 500 gm,Rs. 62.00,Rs. 63.00
Tata Sampann High Protein Unpolished Moong Dal 1 kg,Rs. 62.00,Rs. 176.70
Good Life Masoor Dal 500 gm,Rs. 62.00,Rs. 55.00
